KVM Usage Type,VM Count,Container Host Usage,Container Count,Free Guest Slots Count,Free Memory,Free Cores
REDIS_HOST,11,-,0,17,104,43
SHARED_CPU_CORES,5,-,0,-,120,-
SHARED_CPU_CORES,3,-,0,-,184,-
SHARED_CPU_CORES,9,-,0,19,140,-
SHARED_CPU_CORES,7,-,0,21,164,-
SHARED_CPU_CORES,3,-,0,28,204,-
TWO_SET_OF_SHARED_CPU_CORES,28,-,0,0,11,-
SHARED_CPU_CORES,13,-,0,2,145,-
SHARED_CPU_CORES,19,-,0,6,83,-
SHARED_CPU_CORES,7,-,0,14,181,-
SHARED_CPU_CORES,10,-,0,19,161,-
SHARED_CPU_CORES,9,-,0,13,137,-
SHARED_CPU_CORES,3,-,0,20,132,-
SHARED_CPU_CORES,9,-,0,8,152,-
SHARED_CPU_CORES,16,-,0,17,69,-
SHARED_CPU_CORES,12,-,0,24,121,-
SHARED_CPU_CORES,6,-,0,24,175,-
SHARED_CPU_CORES,9,-,0,21,130,-
SHARED_CPU_CORES,8,-,0,12,135,-
SHARED_CPU_CORES,9,-,0,25,145,-
TWO_SET_OF_SHARED_CPU_CORES,3,-,0,9,16,-
-,1,-,0,13,129,-
SHARED_CPU_CORES,6,-,0,16,124,-
SHARED_CPU_CORES,4,-,0,23,132,-
SHARED_CPU_CORES,14,-,0,18,109,-
SHARED_CPU_CORES,14,-,0,19,133,-
SHARED_CPU_CORES,7,-,0,27,145,-
SHARED_CPU_CORES,4,-,0,13,84,-
SHARED_CPU_CORES,5,-,0,14,80,-
SHARED_CPU_CORES,3,-,0,11,72,-
SHARED_CPU_CORES,2,-,0,14,84,-
SHARED_CPU_CORES,2,-,0,9,88,-
SHARED_CPU_CORES,1,-,0,26,104,-
SHARED_CPU_CORES,3,-,0,-,40,-
SHARED_CPU_CORES,-,-,0,12,59,-
SHARED_CPU_CORES,1,-,0,10,112,-
SHARED_CPU_CORES,1,-,0,15,96,-
SHARED_CPU_CORES,2,-,0,13,100,-
SHARED_CPU_CORES,4,-,0,4,64,-
SHARED_CPU_CORES,4,-,0,6,76,-
SHARED_CPU_CORES,2,-,0,9,92,-
SHARED_CPU_CORES,1,-,0,-,8,-
SHARED_CPU_CORES,1,-,0,13,100,-
SHARED_CPU_CORES,4,-,0,4,28,-
SHARED_CPU_CORES,1,-,0,8,68,-
SHARED_CPU_CORES,3,-,0,-,64,-
SHARED_CPU_CORES,12,REDIS_HOST,0,15,160,-
TWO_SET_OF_SHARED_CPU_CORES,38,-,0,7,83,-
DEDICATED_CPU_CORES,1,-,0,-,56,24
SHARED_CPU_CORES,21,-,0,16,30,-
SHARED_CPU_CORES,6,-,0,-,-,-
SHARED_CPU_CORES,7,-,0,6,92,-
SHARED_CPU_CORES,1,-,0,10,88,-
SHARED_CPU_CORES,-,-,0,4,29,-
SHARED_CPU_CORES,1,-,0,15,82,-
SHARED_CPU_CORES,4,-,0,-,60,-
SHARED_CPU_CORES,3,-,0,9,76,-
SHARED_CPU_CORES,2,-,0,16,104,-
SHARED_CPU_CORES,1,-,0,18,116,-
SHARED_CPU_CORES,1,-,0,20,112,-
SHARED_CPU_CORES,2,-,0,15,92,-
REDIS_HOST,3,-,0,19,96,32
SHARED_CPU_CORES,1,-,0,5,72,-
SHARED_CPU_CORES,4,-,0,-,-,-
SHARED_CPU_CORES,9,-,0,-,28,-
SHARED_CPU_CORES,-,-,0,15,120,-
SHARED_CPU_CORES,2,-,0,9,72,-
SHARED_CPU_CORES,23,-,0,19,262,-
-,-,-,0,4,29,-
SHARED_CPU_CORES,2,-,0,9,84,-
SHARED_CPU_CORES,3,-,0,14,88,-
SHARED_CPU_CORES,4,-,0,10,72,-
SHARED_CPU_CORES,3,-,0,11,104,-
SHARED_CPU_CORES,3,-,0,17,122,-
SHARED_CPU_CORES,3,-,0,17,156,-
SHARED_CPU_CORES,3,-,0,16,156,-
REDIS_HOST,2,-,0,-,-,-
SHARED_CPU_CORES,-,-,0,-,-,-
SHARED_CPU_CORES,-,-,0,20,180,-
SHARED_CPU_CORES,1,-,0,14,90,-
SHARED_CPU_CORES,2,-,0,16,142,-
SHARED_CPU_CORES,6,-,0,12,98,-
SHARED_CPU_CORES,7,-,0,9,40,-
SHARED_CPU_CORES,3,-,0,18,152,-
SHARED_CPU_CORES,6,-,0,3,52,-
SHARED_CPU_CORES,-,SHARED_CPU_CORES,0,-,120,-
SHARED_CPU_CORES,1,-,0,7,76,-
SHARED_CPU_CORES,-,-,0,9,108,-
SHARED_CPU_CORES,1,-,0,13,104,-
SHARED_CPU_CORES,25,-,0,-,20,-
SHARED_CPU_CORES,25,-,0,-,20,-
SHARED_CPU_CORES,3,-,0,7,64,-
SHARED_CPU_CORES,2,-,0,13,104,-
SHARED_CPU_CORES,2,-,0,10,112,-
SHARED_CPU_CORES,2,-,0,7,80,-
SHARED_CPU_CORES,2,-,0,17,152,-
SHARED_CPU_CORES,2,-,0,15,104,-
SHARED_CPU_CORES,-,-,0,18,172,-
SHARED_CPU_CORES,3,-,0,12,112,-
SHARED_CPU_CORES,-,-,0,19,176,-
SHARED_CPU_CORES,2,-,0,15,156,-
REDIS_HOST,1,-,0,18,156,64
SHARED_CPU_CORES,2,-,0,16,134,-
SHARED_CPU_CORES,3,-,0,17,130,-
SHARED_CPU_CORES,2,-,0,16,164,-
SHARED_CPU_CORES,4,-,0,14,140,-
SHARED_CPU_CORES,5,-,0,13,96,-
REDIS_HOST,3,-,0,14,110,64
SHARED_CPU_CORES,4,-,0,13,124,-
SHARED_CPU_CORES,3,-,0,14,130,-
SHARED_CPU_CORES,1,-,0,-,-,-
TWO_SET_OF_SHARED_CPU_CORES,7,-,0,4,145,-
TWO_SET_OF_SHARED_CPU_CORES,27,REDIS_HOST,0,10,79,4
SHARED_CPU_CORES,27,-,0,3,25,-
TWO_SET_OF_SHARED_CPU_CORES,11,-,0,1,89,-
SHARED_CPU_CORES,-,-,0,3,116,-
SHARED_CPU_CORES,6,-,0,25,189,-
SHARED_CPU_CORES,4,-,0,11,72,-
SHARED_CPU_CORES,4,-,0,12,76,-
SHARED_CPU_CORES,2,-,0,9,64,-
REDIS_HOST,3,-,0,9,72,40
SHARED_CPU_CORES,2,-,0,9,92,-
SHARED_CPU_CORES,1,-,0,8,76,-
SHARED_CPU_CORES,-,-,0,12,96,-
SHARED_CPU_CORES,5,-,0,9,76,-
SHARED_CPU_CORES,2,-,0,-,12,-
SHARED_CPU_CORES,4,-,0,11,68,-
SHARED_CPU_CORES,1,-,0,15,108,-
SHARED_CPU_CORES,2,-,0,7,68,-
DEDICATED_CPU_CORES,1,-,0,-,56,24
SHARED_CPU_CORES,-,-,0,12,120,-
SHARED_CPU_CORES,2,-,0,13,92,-
SHARED_CPU_CORES,7,-,0,-,56,-
SHARED_CPU_CORES,-,-,0,-,28,-
SHARED_CPU_CORES,5,-,0,11,64,-
SHARED_CPU_CORES,2,-,0,6,72,-
SHARED_CPU_CORES,7,-,0,23,142,-
SHARED_CPU_CORES,5,-,0,23,192,-
REDIS_HOST,6,-,0,19,148,64
SHARED_CPU_CORES,3,-,0,2,12,-
SHARED_CPU_CORES,-,-,0,-,-,-
SHARED_CPU_CORES,-,-,0,12,60,-
SHARED_CPU_CORES,-,-,0,9,28,-
SHARED_CPU_CORES,-,-,0,-,-,-
SHARED_CPU_CORES,-,-,0,-,-,-
SHARED_CPU_CORES,2,-,0,12,36,-
SHARED_CPU_CORES,3,-,0,9,80,-
SHARED_CPU_CORES,-,-,0,2,120,-
SHARED_CPU_CORES,3,-,0,-,-,-
SHARED_CPU_CORES,7,-,0,-,-,-
SHARED_CPU_CORES,-,-,0,-,-,-
SHARED_CPU_CORES,3,-,0,-,-,-
SHARED_CPU_CORES,13,-,0,-,-,-
SHARED_CPU_CORES,2,-,0,-,87,-
-,-,-,0,-,240,-
SHARED_CPU_CORES,1,-,0,11,112,-
SHARED_CPU_CORES,18,-,0,3,44,-
SHARED_CPU_CORES,-,-,0,-,-,-
SHARED_CPU_CORES,7,-,0,9,61,-
SHARED_CPU_CORES,-,-,0,-,56,-
SHARED_CPU_CORES,1,-,0,14,116,-
SHARED_CPU_CORES,10,-,0,11,74,-
SHARED_CPU_CORES,11,-,0,15,121,-
SHARED_CPU_CORES,8,-,0,13,148,-
SHARED_CPU_CORES,3,-,0,14,76,-
SHARED_CPU_CORES,2,-,0,9,86,-
SHARED_CPU_CORES,3,-,0,17,102,-
SHARED_CPU_CORES,2,-,0,12,106,-
SHARED_CPU_CORES,3,-,0,9,52,-
SHARED_CPU_CORES,3,-,0,8,90,-
SHARED_CPU_CORES,2,-,0,11,102,-
SHARED_CPU_CORES,2,-,0,8,90,-
SHARED_CPU_CORES,-,-,0,0,240,-
SHARED_CPU_CORES,10,-,0,3,21,-
-,-,-,0,-,120,-
SHARED_CPU_CORES,2,-,0,13,106,-
SHARED_CPU_CORES,2,-,0,13,94,-
SHARED_CPU_CORES,1,-,0,14,110,-
SHARED_CPU_CORES,3,-,0,11,73,-
SHARED_CPU_CORES,3,-,0,11,70,-
SHARED_CPU_CORES,4,-,0,8,49,-
REDIS_HOST,4,-,0,11,77,40
SHARED_CPU_CORES,20,-,0,-,41,-
TWO_SET_OF_SHARED_CPU_CORES,38,-,0,8,64,-
REDIS_HOST,3,-,0,10,86,40
SHARED_CPU_CORES,3,-,0,7,86,-
SHARED_CPU_CORES,2,-,0,6,66,-
SHARED_CPU_CORES,2,-,0,8,82,-
SHARED_CPU_CORES,3,-,0,7,50,-
SHARED_CPU_CORES,2,-,0,7,75,-
SHARED_CPU_CORES,4,-,0,8,59,-
SHARED_CPU_CORES,1,-,0,2,60,-
SHARED_CPU_CORES,1,-,0,12,97,-
SHARED_CPU_CORES,1,-,0,3,116,-
SHARED_PLUS_DEDICATED_CPU_CORES,4,-,0,0,94,8
TWO_SET_OF_SHARED_CPU_CORES,20,-,0,-,0,-
SHARED_CPU_CORES,3,-,0,8,96,-
SHARED_CPU_CORES,-,-,0,-,104,-
SHARED_CPU_CORES,-,-,0,7,104,-
REDIS_HOST,5,-,0,5,56,28
-,-,-,0,4,120,-
SHARED_CPU_CORES,48,-,0,4,48,-
SHARED_CPU_CORES,-,-,0,13,109,-
SHARED_CPU_CORES,1,-,0,12,89,-
SHARED_CPU_CORES,4,-,0,11,66,-
SHARED_CPU_CORES,2,-,0,11,74,-
SHARED_CPU_CORES,-,-,0,14,101,-
SHARED_CPU_CORES,3,-,0,11,77,-
SHARED_CPU_CORES,2,-,0,13,97,-
SHARED_CPU_CORES,3,-,0,11,73,-
SHARED_CPU_CORES,6,-,0,-,61,-
SHARED_CPU_CORES,2,-,0,4,89,-
SHARED_CPU_CORES,2,-,0,4,89,-
SHARED_CPU_CORES,4,-,0,2,77,-
SHARED_CPU_CORES,3,-,0,3,81,-
SHARED_CPU_CORES,2,-,0,4,85,-
SHARED_CPU_CORES,2,-,0,12,96,-
SHARED_CPU_CORES,1,-,0,13,89,-
SHARED_CPU_CORES,24,-,0,0,145,-
SHARED_CPU_CORES,44,-,0,26,162,-
SHARED_CPU_CORES,27,-,0,5,7,-
SHARED_CPU_CORES,6,-,0,2,12,-
REDIS_HOST,-,-,0,9,80,16
SHARED_CPU_CORES,2,-,0,10,81,-
SHARED_CPU_CORES,1,-,0,11,77,-
-,-,-,0,12,44,-
TWO_SET_OF_SHARED_CPU_CORES,22,-,0,15,97,-
SHARED_CPU_CORES,7,-,0,23,92,-
SHARED_CPU_CORES,1,-,0,10,104,-
SHARED_CPU_CORES,14,-,0,13,136,-
SHARED_CPU_CORES,3,-,0,17,108,-
SHARED_CPU_CORES,3,-,0,9,88,-
TWO_SET_OF_SHARED_CPU_CORES,41,-,0,15,98,-
-,5,-,0,8,92,-
SHARED_CPU_CORES,15,-,0,-,0,-
SHARED_CPU_CORES,2,-,0,2,108,-
SHARED_CPU_CORES,1,-,0,9,73,-
SHARED_CPU_CORES,9,-,0,4,32,-
TWO_SET_OF_SHARED_CPU_CORES,36,-,0,7,71,-
SHARED_CPU_CORES,4,-,0,-,-,-
SHARED_CPU_CORES,3,-,0,-,-,-
SHARED_CPU_CORES,1,-,0,-,-,-
SHARED_CPU_CORES,3,-,0,-,-,-
SHARED_CPU_CORES,-,-,0,-,-,-
SHARED_CPU_CORES,-,-,0,-,479,-
SHARED_CPU_CORES,4,-,0,15,88,-
SHARED_CPU_CORES,4,-,0,13,76,-
SHARED_CPU_CORES,12,-,0,15,109,-
SHARED_CPU_CORES,11,-,0,16,93,-
SHARED_CPU_CORES,35,-,0,-,240,-
SHARED_CPU_CORES,50,-,0,-,120,-
SHARED_CPU_CORES,49,-,0,1,128,-
DEDICATED_CPU_CORES,1,-,0,1,12,54
TWO_SET_OF_SHARED_CPU_CORES,45,-,0,0,0,-
TWO_SET_OF_SHARED_CPU_CORES,41,-,0,0,64,-
TWO_SET_OF_SHARED_CPU_CORES,33,-,0,1,12,-
TWO_SET_OF_SHARED_CPU_CORES,38,-,0,1,28,-
FOUR_SET_OF_SHARED_CPU_CORES,32,-,0,4,16,-
FOUR_SET_OF_SHARED_CPU_CORES,41,-,0,2,40,-
FOUR_SET_OF_SHARED_CPU_CORES,40,-,0,-,171,-
SHARED_CPU_CORES,35,-,0,-,9,-
SHARED_CPU_CORES,35,-,0,-,13,-
SHARED_CPU_CORES,26,-,0,-,49,-
TWO_SET_OF_SHARED_CPU_CORES,13,-,0,15,113,-
TWO_SET_OF_SHARED_CPU_CORES,25,-,0,3,29,-
TWO_SET_OF_SHARED_CPU_CORES,20,-,0,5,53,-
TWO_SET_OF_SHARED_CPU_CORES,30,-,0,-,1,-
FOUR_SET_OF_SHARED_CPU_CORES,16,-,0,21,228,-
FOUR_SET_OF_SHARED_CPU_CORES,40,-,0,-,96,-
FOUR_SET_OF_SHARED_CPU_CORES,19,-,0,17,212,-
FOUR_SET_OF_SHARED_CPU_CORES,46,-,0,4,44,-
TWO_SET_OF_SHARED_CPU_CORES,-,-,0,32,360,-
TWO_SET_OF_SHARED_CPU_CORES,40,-,0,1,28,-
TWO_SET_OF_SHARED_CPU_CORES,44,-,0,6,9,-
TWO_SET_OF_SHARED_CPU_CORES,49,-,0,-,0,-
TWO_SET_OF_SHARED_CPU_CORES,51,-,0,4,18,-
TWO_SET_OF_SHARED_CPU_CORES,42,-,0,0,16,-
TWO_SET_OF_SHARED_CPU_CORES,39,-,0,1,10,-
TWO_SET_OF_SHARED_CPU_CORES,40,-,0,0,8,-
TWO_SET_OF_SHARED_CPU_CORES,36,-,0,5,0,-
TWO_SET_OF_SHARED_CPU_CORES,37,-,0,2,0,-
TWO_SET_OF_SHARED_CPU_CORES,38,-,0,0,0,-
TWO_SET_OF_SHARED_CPU_CORES,32,-,0,2,48,-
FOUR_SET_OF_SHARED_CPU_CORES,36,-,0,2,96,-
FOUR_SET_OF_SHARED_CPU_CORES,23,-,0,4,0,-
FOUR_SET_OF_SHARED_CPU_CORES,47,-,0,-,48,-
TWO_SET_OF_SHARED_CPU_CORES,17,-,0,8,61,-
TWO_SET_OF_SHARED_CPU_CORES,21,-,0,6,47,-
TWO_SET_OF_SHARED_CPU_CORES,30,-,0,-,1,-
FOUR_SET_OF_SHARED_CPU_CORES,21,-,0,12,138,-
FOUR_SET_OF_SHARED_CPU_CORES,17,-,0,19,236,-
FOUR_SET_OF_SHARED_CPU_CORES,50,-,0,-,20,-
TWO_SET_OF_SHARED_CPU_CORES,41,-,0,0,8,-
TWO_SET_OF_SHARED_CPU_CORES,38,-,0,3,74,-
TWO_SET_OF_SHARED_CPU_CORES,38,-,0,3,134,-
TWO_SET_OF_SHARED_CPU_CORES,50,-,0,-,143,-
TWO_SET_OF_SHARED_CPU_CORES,31,-,0,9,152,-
TWO_SET_OF_SHARED_CPU_CORES,36,-,0,2,4,-
TWO_SET_OF_SHARED_CPU_CORES,37,-,0,1,4,-
TWO_SET_OF_SHARED_CPU_CORES,38,-,0,1,14,-
TWO_SET_OF_SHARED_CPU_CORES,40,-,0,0,0,-
TWO_SET_OF_SHARED_CPU_CORES,39,-,0,1,56,-
TWO_SET_OF_SHARED_CPU_CORES,35,-,0,1,16,-
TWO_SET_OF_SHARED_CPU_CORES,23,-,0,0,8,-
FOUR_SET_OF_SHARED_CPU_CORES,31,-,0,4,40,-
FOUR_SET_OF_SHARED_CPU_CORES,35,-,0,2,10,-
FOUR_SET_OF_SHARED_CPU_CORES,20,-,0,3,120,-
FOUR_SET_OF_SHARED_CPU_CORES,18,-,0,20,63,-
TWO_SET_OF_SHARED_CPU_CORES,22,-,0,8,23,-
TWO_SET_OF_SHARED_CPU_CORES,17,-,0,9,75,-
TWO_SET_OF_SHARED_CPU_CORES,17,-,0,8,65,-
TWO_SET_OF_SHARED_CPU_CORES,15,-,0,8,65,-
TWO_SET_OF_SHARED_CPU_CORES,18,-,0,6,29,-
TWO_SET_OF_SHARED_CPU_CORES,21,-,0,4,53,-
TWO_SET_OF_SHARED_CPU_CORES,19,-,0,6,59,-
FOUR_SET_OF_SHARED_CPU_CORES,50,-,0,-,80,-
FOUR_SET_OF_SHARED_CPU_CORES,50,-,0,-,80,-
FOUR_SET_OF_SHARED_CPU_CORES,18,-,0,24,336,-
TWO_SET_OF_SHARED_CPU_CORES,-,-,0,4,240,-
TWO_SET_OF_SHARED_CPU_CORES,24,-,0,5,40,-
TWO_SET_OF_SHARED_CPU_CORES,37,-,0,2,16,-
TWO_SET_OF_SHARED_CPU_CORES,48,-,0,6,32,-
TWO_SET_OF_SHARED_CPU_CORES,46,-,0,2,36,-
TWO_SET_OF_SHARED_CPU_CORES,49,-,0,3,4,-
TWO_SET_OF_SHARED_CPU_CORES,50,-,0,-,144,-
FOUR_SET_OF_SHARED_CPU_CORES,60,-,0,-,36,-
FOUR_SET_OF_SHARED_CPU_CORES,55,-,0,5,3,-
TWO_SET_OF_SHARED_CPU_CORES,35,-,0,4,36,-
TWO_SET_OF_SHARED_CPU_CORES,37,-,0,4,12,-
TWO_SET_OF_SHARED_CPU_CORES,39,-,0,1,4,-
TWO_SET_OF_SHARED_CPU_CORES,37,-,0,1,0,-
TWO_SET_OF_SHARED_CPU_CORES,38,-,0,2,4,-
TWO_SET_OF_SHARED_CPU_CORES,39,-,0,1,-120,-
TWO_SET_OF_SHARED_CPU_CORES,38,-,0,2,52,-
TWO_SET_OF_SHARED_CPU_CORES,39,-,0,1,4,-
FOUR_SET_OF_SHARED_CPU_CORES,29,-,0,2,72,-
FOUR_SET_OF_SHARED_CPU_CORES,32,-,0,-,32,-
FOUR_SET_OF_SHARED_CPU_CORES,30,-,0,2,52,-
FOUR_SET_OF_SHARED_CPU_CORES,35,-,0,1,11,-
TWO_SET_OF_SHARED_CPU_CORES,19,-,0,4,35,-
SHARED_CPU_CORES,45,-,0,-,2,-
FOUR_SET_OF_SHARED_CPU_CORES,9,-,0,4,200,-
FOUR_SET_OF_SHARED_CPU_CORES,3,-,0,34,306,-
FOUR_SET_OF_SHARED_CPU_CORES,50,-,0,-,28,-
TWO_SET_OF_SHARED_CPU_CORES,48,-,0,2,4,-
TWO_SET_OF_SHARED_CPU_CORES,48,-,0,4,24,-
FOUR_SET_OF_SHARED_CPU_CORES,72,-,0,8,55,-
SHARED_CPU_CORES,25,-,0,8,59,-
SHARED_CPU_CORES,26,-,0,7,37,-
SHARED_CPU_CORES,24,-,0,8,59,-
SHARED_CPU_CORES,26,-,0,8,73,-
TWO_SET_OF_SHARED_CPU_CORES,38,-,0,1,4,-
TWO_SET_OF_SHARED_CPU_CORES,39,-,0,1,24,-
TWO_SET_OF_SHARED_CPU_CORES,37,-,0,3,154,-
TWO_SET_OF_SHARED_CPU_CORES,39,-,0,1,4,-
FOUR_SET_OF_SHARED_CPU_CORES,12,-,0,21,214,-
FOUR_SET_OF_SHARED_CPU_CORES,23,-,0,9,138,-
FOUR_SET_OF_SHARED_CPU_CORES,34,-,0,4,60,-
FOUR_SET_OF_SHARED_CPU_CORES,33,-,0,1,42,-
TWO_SET_OF_SHARED_CPU_CORES,38,-,0,0,28,-
FOUR_SET_OF_SHARED_CPU_CORES,32,-,0,2,53,-
FOUR_SET_OF_SHARED_CPU_CORES,40,-,0,-,216,-
FOUR_SET_OF_SHARED_CPU_CORES,49,-,0,1,156,-
TWO_SET_OF_SHARED_CPU_CORES,16,-,0,9,67,-
SHARED_CPU_CORES,45,-,0,-,2,-
FOUR_SET_OF_SHARED_CPU_CORES,1,-,0,36,356,-
FOUR_SET_OF_SHARED_CPU_CORES,50,-,0,-,32,-
TWO_SET_OF_SHARED_CPU_CORES,39,-,0,2,72,-
TWO_SET_OF_SHARED_CPU_CORES,45,-,0,5,20,-
SHARED_CPU_CORES,45,-,0,-,2,-
FOUR_SET_OF_SHARED_CPU_CORES,2,-,0,38,336,-
FOUR_SET_OF_SHARED_CPU_CORES,20,-,0,20,170,-
SHARED_PLUS_DEDICATED_CPU_CORES,3,-,0,0,194,0
DEDICATED_CPU_CORES,8,-,0,-,2,0
TWO_SET_OF_SHARED_CPU_CORES,27,-,0,0,16,-
TWO_SET_OF_SHARED_CPU_CORES,36,-,0,2,76,-
TWO_SET_OF_SHARED_CPU_CORES,47,-,0,4,30,-
TWO_SET_OF_SHARED_CPU_CORES,45,-,0,0,38,-
TWO_SET_OF_SHARED_CPU_CORES,42,-,0,6,106,-
TWO_SET_OF_SHARED_CPU_CORES,43,-,0,3,42,-
TWO_SET_OF_SHARED_CPU_CORES,44,-,0,2,50,-
TWO_SET_OF_SHARED_CPU_CORES,41,-,0,10,86,-
TWO_SET_OF_SHARED_CPU_CORES,60,-,0,1,240,-
SHARED_CPU_CORES,-,-,0,-,480,-
TWO_SET_OF_SHARED_CPU_CORES,34,-,0,10,146,-
TWO_SET_OF_SHARED_CPU_CORES,30,-,0,1,0,-
TWO_SET_OF_SHARED_CPU_CORES,35,-,0,9,106,-
TWO_SET_OF_SHARED_CPU_CORES,39,-,0,7,136,-
FOUR_SET_OF_SHARED_CPU_CORES,15,-,0,16,246,-
TWO_SET_OF_SHARED_CPU_CORES,30,-,0,3,16,-
TWO_SET_OF_SHARED_CPU_CORES,26,-,0,1,68,-
TWO_SET_OF_SHARED_CPU_CORES,45,-,0,-,4,-
TWO_SET_OF_SHARED_CPU_CORES,50,-,0,1,0,-
TWO_SET_OF_SHARED_CPU_CORES,43,-,0,7,4,-
TWO_SET_OF_SHARED_CPU_CORES,43,-,0,5,24,-
TWO_SET_OF_SHARED_CPU_CORES,50,-,0,4,36,-
FOUR_SET_OF_SHARED_CPU_CORES,85,-,0,-,374,-
FOUR_SET_OF_SHARED_CPU_CORES,61,-,0,-,35,-
FOUR_SET_OF_SHARED_CPU_CORES,36,-,0,-,3,-
FOUR_SET_OF_SHARED_CPU_CORES,71,-,0,-,10,-
TWO_SET_OF_SHARED_CPU_CORES,27,-,0,0,32,-
TWO_SET_OF_SHARED_CPU_CORES,40,-,0,2,20,-
FOUR_SET_OF_SHARED_CPU_CORES,33,-,0,2,60,-
FOUR_SET_OF_SHARED_CPU_CORES,50,-,0,-,152,-
FOUR_SET_OF_SHARED_CPU_CORES,46,-,0,-,176,-
TWO_SET_OF_SHARED_CPU_CORES,32,-,0,1,34,-
TWO_SET_OF_SHARED_CPU_CORES,40,-,0,7,98,-
TWO_SET_OF_SHARED_CPU_CORES,43,-,0,6,110,-
TWO_SET_OF_SHARED_CPU_CORES,42,-,0,4,74,-
TWO_SET_OF_SHARED_CPU_CORES,39,-,0,6,86,-
TWO_SET_OF_SHARED_CPU_CORES,41,-,0,7,86,-
TWO_SET_OF_SHARED_CPU_CORES,44,-,0,6,44,-
TWO_SET_OF_SHARED_CPU_CORES,38,-,0,8,142,-
TWO_SET_OF_SHARED_CPU_CORES,44,-,0,3,30,-
TWO_SET_OF_SHARED_CPU_CORES,43,-,0,4,66,-
TWO_SET_OF_SHARED_CPU_CORES,49,-,0,3,74,-
TWO_SET_OF_SHARED_CPU_CORES,45,-,0,2,58,-
TWO_SET_OF_SHARED_CPU_CORES,39,-,0,8,138,-
TWO_SET_OF_SHARED_CPU_CORES,45,-,0,4,102,-
TWO_SET_OF_SHARED_CPU_CORES,44,-,0,5,42,-
TWO_SET_OF_SHARED_CPU_CORES,37,-,0,7,98,-
TWO_SET_OF_SHARED_CPU_CORES,39,-,0,8,30,-
TWO_SET_OF_SHARED_CPU_CORES,32,-,0,13,90,-
TWO_SET_OF_SHARED_CPU_CORES,27,-,0,20,146,-
FOUR_SET_OF_SHARED_CPU_CORES,50,-,0,-,20,-
TWO_SET_OF_SHARED_CPU_CORES,34,-,0,2,112,-
TWO_SET_OF_SHARED_CPU_CORES,30,-,0,5,124,-
TWO_SET_OF_SHARED_CPU_CORES,46,-,0,-,12,-
TWO_SET_OF_SHARED_CPU_CORES,47,-,0,3,18,-
TWO_SET_OF_SHARED_CPU_CORES,45,-,0,5,20,-
TWO_SET_OF_SHARED_CPU_CORES,47,-,0,3,12,-
TWO_SET_OF_SHARED_CPU_CORES,42,-,0,3,4,-
FOUR_SET_OF_SHARED_CPU_CORES,21,-,0,21,182,-
TWO_SET_OF_SHARED_CPU_CORES,11,-,0,28,308,-
TWO_SET_OF_SHARED_CPU_CORES,28,-,0,3,40,-
TWO_SET_OF_SHARED_CPU_CORES,29,-,0,2,12,-
TWO_SET_OF_SHARED_CPU_CORES,34,-,0,16,4,-
TWO_SET_OF_SHARED_CPU_CORES,34,-,0,11,228,-
TWO_SET_OF_SHARED_CPU_CORES,43,-,0,6,28,-
TWO_SET_OF_SHARED_CPU_CORES,33,-,0,1,20,-
TWO_SET_OF_SHARED_CPU_CORES,20,-,0,-,340,-
TWO_SET_OF_SHARED_CPU_CORES,35,-,0,8,148,32
TWO_SET_OF_SHARED_CPU_CORES,24,-,0,0,76,-
TWO_SET_OF_SHARED_CPU_CORES,28,-,0,0,2,-
TWO_SET_OF_SHARED_CPU_CORES,22,-,0,2,32,-
TWO_SET_OF_SHARED_CPU_CORES,25,-,0,2,68,-
-,-,-,0,14,480,-
-,-,-,0,14,480,-
TWO_SET_OF_SHARED_CPU_CORES,28,-,0,13,158,-
DEDICATED_CPU_CORES,-,-,0,14,480,64
TWO_SET_OF_SHARED_CPU_CORES,34,-,0,6,64,-
TWO_SET_OF_SHARED_CPU_CORES,41,-,0,0,72,-
TWO_SET_OF_SHARED_CPU_CORES,30,-,0,3,30,-
-,-,-,0,60,479,-
TWO_SET_OF_SHARED_CPU_CORES,40,-,0,5,120,-
TWO_SET_OF_SHARED_CPU_CORES,30,-,0,18,252,-
TWO_SET_OF_SHARED_CPU_CORES,29,-,0,13,168,-
TWO_SET_OF_SHARED_CPU_CORES,43,-,0,4,86,-
TWO_SET_OF_SHARED_CPU_CORES,51,-,0,5,32,-
SHARED_CPU_CORES,-,-,0,0,460,-
TWO_SET_OF_SHARED_CPU_CORES,46,-,0,2,16,-
TWO_SET_OF_SHARED_CPU_CORES,46,-,0,3,0,-
TWO_SET_OF_SHARED_CPU_CORES,60,-,0,15,240,-
TWO_SET_OF_SHARED_CPU_CORES,43,-,0,3,48,-
TWO_SET_OF_SHARED_CPU_CORES,46,-,0,2,16,-
SHARED_CPU_CORES,-,-,0,47,476,-
TWO_SET_OF_SHARED_CPU_CORES,32,-,0,-,20,-
TWO_SET_OF_SHARED_CPU_CORES,40,-,0,-,160,-
TWO_SET_OF_SHARED_CPU_CORES,40,-,0,-,160,-
TWO_SET_OF_SHARED_CPU_CORES,50,-,0,1,144,-
TWO_SET_OF_SHARED_CPU_CORES,37,-,0,2,40,-
TWO_SET_OF_SHARED_CPU_CORES,36,-,0,4,36,-
FOUR_SHARED_AND_DEDICATED,-,-,0,60,479,64
THREE_SHARED_AND_DEDICATED,44,-,0,5,64,0
TWO_SET_OF_SHARED_CPU_CORES,33,-,0,3,58,-
THREE_SHARED_AND_DEDICATED,31,-,0,1,0,0
THREE_SHARED_AND_DEDICATED,33,-,0,2,16,0
THREE_SHARED_AND_DEDICATED,33,-,0,0,48,0
TWO_SET_OF_SHARED_CPU_CORES,31,-,0,0,8,-
TWO_SET_OF_SHARED_CPU_CORES,33,-,0,0,102,-
TWO_SET_OF_SHARED_CPU_CORES,30,-,0,2,18,-
SHARED_CPU_CORES,12,-,0,1,60,-
TWO_SET_OF_SHARED_CPU_CORES,39,-,0,-,28,-
TWO_SET_OF_SHARED_CPU_CORES,49,-,0,3,12,-
THREE_SHARED_AND_DEDICATED,39,-,0,1,18,0
TWO_SET_OF_SHARED_CPU_CORES,46,-,0,5,18,-
TWO_SET_OF_SHARED_CPU_CORES,48,-,0,2,26,-
TWO_SET_OF_SHARED_CPU_CORES,50,-,0,-,160,-
TWO_SET_OF_SHARED_CPU_CORES,50,-,0,-,140,-
TWO_SET_OF_SHARED_CPU_CORES,50,-,0,-,140,-
TWO_SET_OF_SHARED_CPU_CORES,50,-,0,-,140,-
TWO_SET_OF_SHARED_CPU_CORES,50,-,0,-,140,-
TWO_SET_OF_SHARED_CPU_CORES,50,-,0,-,140,-
TWO_SET_OF_SHARED_CPU_CORES,40,-,0,0,26,-
TWO_SET_OF_SHARED_CPU_CORES,39,-,0,4,10,-
TWO_SET_OF_SHARED_CPU_CORES,50,-,0,-,140,-
TWO_SET_OF_SHARED_CPU_CORES,50,-,0,-,140,-
THREE_SHARED_AND_DEDICATED,31,-,0,1,18,0
TWO_SET_OF_SHARED_CPU_CORES,30,-,0,2,14,-
TWO_SET_OF_SHARED_CPU_CORES,28,-,0,0,72,-
TWO_SET_OF_SHARED_CPU_CORES,32,-,0,0,6,-
TWO_SET_OF_SHARED_CPU_CORES,31,-,0,1,94,-
TWO_SET_OF_SHARED_CPU_CORES,31,-,0,1,0,-
TWO_SET_OF_SHARED_CPU_CORES,31,-,0,0,0,-
SHARED_CPU_CORES,2,-,0,7,213,-
SHARED_CPU_CORES,3,-,0,6,433,-
TWO_SET_OF_SHARED_CPU_CORES,37,-,0,1,0,-
THREE_SHARED_AND_DEDICATED,45,-,0,2,52,0
THREE_SHARED_AND_DEDICATED,46,-,0,4,28,0
THREE_SHARED_AND_DEDICATED,44,-,0,4,36,0
TWO_SET_OF_SHARED_CPU_CORES,50,-,0,-,136,-
TWO_SET_OF_SHARED_CPU_CORES,50,-,0,1,144,-
TWO_SET_OF_SHARED_CPU_CORES,37,-,0,1,0,-
TWO_SET_OF_SHARED_CPU_CORES,51,-,0,1,136,-
TWO_SET_OF_SHARED_CPU_CORES,40,-,0,4,0,-
THREE_SHARED_AND_DEDICATED,38,-,0,0,4,0
THREE_SHARED_AND_DEDICATED,36,-,0,4,38,0
THREE_SHARED_AND_DEDICATED,36,-,0,4,88,0
THREE_SHARED_AND_DEDICATED,47,-,0,3,0,0
THREE_SHARED_AND_DEDICATED,34,-,0,0,30,0
TWO_SET_OF_SHARED_CPU_CORES,31,-,0,0,4,-
TWO_SET_OF_SHARED_CPU_CORES,32,-,0,0,52,-
TWO_SET_OF_SHARED_CPU_CORES,31,-,0,1,108,-
TWO_SET_OF_SHARED_CPU_CORES,31,-,0,1,4,-
TWO_SET_OF_SHARED_CPU_CORES,31,-,0,1,24,-
TWO_SET_OF_SHARED_CPU_CORES,31,-,0,1,6,-
TWO_SET_OF_SHARED_CPU_CORES,31,-,0,1,4,-
TWO_SET_OF_SHARED_CPU_CORES,32,-,0,1,0,-
THREE_SHARED_AND_DEDICATED,39,-,0,2,0,0
THREE_SHARED_AND_DEDICATED,39,-,0,1,0,0
THREE_SHARED_AND_DEDICATED,35,-,0,2,124,12
THREE_SHARED_AND_DEDICATED,37,-,0,3,16,0
THREE_SHARED_AND_DEDICATED,40,-,0,1,20,0
THREE_SHARED_AND_DEDICATED,40,-,0,0,0,0
THREE_SHARED_AND_DEDICATED,39,-,0,1,16,0
THREE_SHARED_AND_DEDICATED,39,-,0,1,16,0
THREE_SHARED_AND_DEDICATED,41,-,0,-,16,0
THREE_SHARED_AND_DEDICATED,39,-,0,3,46,0
SHARED_CPU_CORES,-,-,0,0,464,-
TWO_SHARED_AND_DEDICATED,34,-,0,3,6,0
TWO_SHARED_AND_DEDICATED,31,-,0,6,2,16
TWO_SHARED_AND_DEDICATED,34,-,0,0,28,32
TWO_SHARED_AND_DEDICATED,33,-,0,1,0,16
TWO_SHARED_AND_DEDICATED,45,-,0,0,34,24
TWO_SHARED_AND_DEDICATED,34,-,0,2,2,0
TWO_SHARED_AND_DEDICATED,35,-,0,0,0,16
TWO_SHARED_AND_DEDICATED,34,-,0,1,18,32
TWO_SHARED_AND_DEDICATED,26,-,0,0,56,0
TWO_SHARED_AND_DEDICATED,23,-,0,3,16,0
TWO_SHARED_AND_DEDICATED,37,-,0,1,64,0
TWO_SHARED_AND_DEDICATED,46,-,0,2,14,0
TWO_SHARED_AND_DEDICATED,45,-,0,2,0,0
DEDICATED_CPU_CORES,4,-,0,0,208,0
TWO_SHARED_AND_DEDICATED,35,-,0,0,6,24
TWO_SHARED_AND_DEDICATED,34,-,0,1,6,24
TWO_SHARED_AND_DEDICATED,34,-,0,3,6,16
TWO_SHARED_AND_DEDICATED,37,-,0,0,4,16
TWO_SHARED_AND_DEDICATED,34,-,0,1,20,32
TWO_SHARED_AND_DEDICATED,36,-,0,1,0,0
TWO_SHARED_AND_DEDICATED,32,-,0,2,8,32
TWO_SHARED_AND_DEDICATED,35,-,0,2,6,32
TWO_SHARED_AND_DEDICATED,37,-,0,1,2,32
TWO_SHARED_AND_DEDICATED,35,-,0,2,36,0
TWO_SHARED_AND_DEDICATED,35,-,0,2,56,32
TWO_SHARED_AND_DEDICATED,43,-,0,2,48,0
TWO_SHARED_AND_DEDICATED,44,-,0,0,38,0
TWO_SHARED_AND_DEDICATED,53,-,0,2,10,6
TWO_SHARED_AND_DEDICATED,44,-,0,1,24,16
TWO_SHARED_AND_DEDICATED,44,-,0,1,12,0
TWO_SHARED_AND_DEDICATED,34,-,0,2,4,64
TWO_SHARED_AND_DEDICATED,29,-,0,3,106,32
TWO_SHARED_AND_DEDICATED,33,-,0,4,2,48
TWO_SHARED_AND_DEDICATED,37,-,0,1,24,16
TWO_SHARED_AND_DEDICATED,39,-,0,0,26,16
TWO_SHARED_AND_DEDICATED,54,-,0,3,6,20
TWO_SHARED_AND_DEDICATED,37,-,0,0,22,0
TWO_SHARED_AND_DEDICATED,37,-,0,1,6,16
TWO_SHARED_AND_DEDICATED,30,-,0,4,2,48
TWO_SHARED_AND_DEDICATED,33,-,0,3,18,32
TWO_SHARED_AND_DEDICATED,30,-,0,6,6,32
TWO_SHARED_AND_DEDICATED,36,-,0,2,14,0
TWO_SHARED_AND_DEDICATED,35,-,0,2,10,16
TWO_SHARED_AND_DEDICATED,45,-,0,1,2,24
TWO_SHARED_AND_DEDICATED,44,-,0,3,0,32
TWO_SHARED_AND_DEDICATED,35,-,0,2,2,8
TWO_SHARED_AND_DEDICATED,45,-,0,3,20,64
TWO_SHARED_AND_DEDICATED,46,-,0,3,12,16
TWO_SHARED_AND_DEDICATED,30,-,0,3,30,48
TWO_SHARED_AND_DEDICATED,32,-,0,3,0,64
TWO_SHARED_AND_DEDICATED,31,-,0,3,8,48
TWO_SHARED_AND_DEDICATED,11,-,0,0,272,0
TWO_SHARED_AND_DEDICATED,9,-,0,-,336,0
TWO_SHARED_AND_DEDICATED,32,-,0,4,2,16
TWO_SHARED_AND_DEDICATED,43,-,0,2,4,64
TWO_SHARED_AND_DEDICATED,45,-,0,0,0,64
TWO_SHARED_AND_DEDICATED,32,-,0,4,4,64
TWO_SHARED_AND_DEDICATED,33,-,0,1,6,16
TWO_SHARED_AND_DEDICATED,33,-,0,2,8,48
TWO_SET_OF_SHARED_CPU_CORES,54,-,0,8,40,-
TWO_SHARED_AND_DEDICATED,36,-,0,2,46,16
TWO_SET_OF_SHARED_CPU_CORES,36,-,0,8,4,-
TWO_SHARED_AND_DEDICATED,41,-,0,3,20,32
TWO_SHARED_AND_DEDICATED,43,-,0,2,18,0
TWO_SHARED_AND_DEDICATED,41,-,0,4,8,16
-,-,-,0,5,719,-
TWO_SHARED_AND_DEDICATED,40,-,0,5,58,64
TWO_SHARED_AND_DEDICATED,38,-,0,6,231,64
TWO_SHARED_AND_DEDICATED,40,-,0,6,44,48
FOUR_SHARED_AND_DEDICATED,35,-,0,-,439,128
FOUR_SHARED_AND_DEDICATED,36,-,0,1,439,112
FOUR_SHARED_AND_DEDICATED,36,-,0,-,431,128
FOUR_SHARED_AND_DEDICATED,35,-,0,-,439,128
FOUR_SHARED_AND_DEDICATED,35,-,0,0,415,128
FOUR_SHARED_AND_DEDICATED,35,-,0,-,443,128
TWO_SHARED_AND_DEDICATED,38,-,0,7,131,64
TWO_SHARED_AND_DEDICATED,38,-,0,6,167,64
TWO_SHARED_AND_DEDICATED,39,-,0,6,64,56
TWO_SHARED_AND_DEDICATED,40,-,0,5,36,64
TWO_SHARED_AND_DEDICATED,38,-,0,7,416,56
FOUR_SHARED_AND_DEDICATED,35,-,0,1,395,112
FOUR_SHARED_AND_DEDICATED,34,-,0,-,455,128
FOUR_SHARED_AND_DEDICATED,34,-,0,-,451,128
-,-,-,0,-,719,-
FOUR_SHARED_AND_DEDICATED,34,-,0,-,455,128
-,-,-,0,-,719,-
TWO_SHARED_AND_DEDICATED,39,-,0,6,68,56
TWO_SHARED_AND_DEDICATED,38,-,0,7,96,64
TWO_SHARED_AND_DEDICATED,42,-,0,5,79,64
TWO_SHARED_AND_DEDICATED,40,-,0,5,72,56
TWO_SHARED_AND_DEDICATED,38,-,0,7,135,64
-,-,-,0,-,719,-
-,-,-,0,4,721,-
TWO_SHARED_AND_DEDICATED,-,-,0,0,719,128
-,-,-,0,-,719,-
-,-,-,0,-,719,-
-,-,-,0,-,719,-
TWO_SHARED_AND_DEDICATED,30,-,0,13,216,64
TWO_SHARED_AND_DEDICATED,37,-,0,8,183,64
TWO_SHARED_AND_DEDICATED,39,-,0,6,32,56
TWO_SHARED_AND_DEDICATED,19,-,0,26,368,64
TWO_SHARED_AND_DEDICATED,38,-,0,5,243,64
-,-,-,0,-,719,-
-,-,-,0,-,719,-
-,-,-,0,-,719,-
-,-,-,0,-,719,-
-,-,-,0,-,719,-
-,-,-,0,-,719,-
TWO_SHARED_AND_DEDICATED,38,-,0,7,243,64
TWO_SHARED_AND_DEDICATED,38,-,0,7,148,64
TWO_SHARED_AND_DEDICATED,37,-,0,8,72,64
TWO_SHARED_AND_DEDICATED,34,-,0,10,207,64
-,-,-,0,-,719,-
-,-,-,0,-,719,-
-,-,-,0,-,719,-
-,-,-,0,-,719,-
-,-,-,0,-,719,-
-,-,-,0,-,719,-
TWO_SHARED_AND_DEDICATED,39,-,0,5,49,64
TWO_SET_OF_SHARED_CPU_CORES,42,-,0,1,52,-
TWO_SHARED_AND_DEDICATED,38,-,0,6,80,64
TWO_SHARED_AND_DEDICATED,30,-,0,15,174,64
TWO_SHARED_AND_DEDICATED,38,-,0,7,52,64
-,-,-,0,-,719,-
-,-,-,0,-,719,-
-,-,-,0,-,719,-
-,-,-,0,-,719,-
-,-,-,0,-,719,-
-,-,-,0,-,719,-
TWO_SHARED_AND_DEDICATED,30,-,0,13,228,64
TWO_SHARED_AND_DEDICATED,37,-,0,7,147,64
TWO_SHARED_AND_DEDICATED,38,-,0,7,137,64
TWO_SHARED_AND_DEDICATED,40,-,0,5,40,64
-,-,-,0,-,719,-
-,-,-,0,-,719,-
-,-,-,0,-,719,-
-,-,-,0,-,719,-
-,-,-,0,-,719,-
-,-,-,0,-,719,-
-,-,-,0,0,719,-
-,-,-,0,-,719,-
-,-,-,0,-,719,-
-,-,-,0,-,719,-
-,-,-,0,-,719,-
SHARED_CPU_CORES,-,-,0,0,120,-
FOUR_SET_OF_SHARED_CPU_CORES,31,-,0,1,471,-
TWO_SHARED_AND_DEDICATED,1,-,0,4,591,128
TWO_SHARED_AND_DEDICATED,1,-,0,4,591,128
-,-,-,0,4,719,-
-,-,-,0,4,719,-
-,-,-,0,4,719,-
FOUR_SET_OF_SHARED_CPU_CORES,28,-,0,2,491,-
-,-,-,0,4,719,-
TWO_SET_OF_SHARED_CPU_CORES,1,-,0,4,687,-
-,-,-,0,4,719,-
-,-,-,0,0,719,-
SHARED_CPU_CORES,-,-,0,0,120,-
TWO_SET_OF_SHARED_CPU_CORES,64,-,0,0,0,-
-,-,-,0,4,719,-
SHARED_PLUS_DEDICATED_CPU_CORES,1,-,0,1,229,56
DEDICATED_CPU_CORES,-,-,0,0,120,64
DEDICATED_CPU_CORES,2,-,0,2,88,46
SHARED_CPU_CORES,-,-,0,0,120,-
SHARED_CPU_CORES,-,-,0,0,120,-
TWO_SET_OF_SHARED_CPU_CORES,60,-,0,0,0,-
TWO_SHARED_AND_DEDICATED,40,-,0,4,9,0
TWO_SHARED_AND_DEDICATED,44,-,0,0,73,40
TWO_SHARED_AND_DEDICATED,43,-,0,1,73,16
TWO_SHARED_AND_DEDICATED,43,-,0,2,241,8
TWO_SHARED_AND_DEDICATED,44,-,0,1,129,8
SHARED_PLUS_DEDICATED_CPU_CORES,-,-,0,22,120,32
-,-,-,0,0,119,-
TWO_SET_OF_SHARED_CPU_CORES,46,-,0,0,111,-
TWO_SHARED_AND_DEDICATED,44,-,0,1,25,0
TWO_SHARED_AND_DEDICATED,27,-,0,0,1,64
TWO_SHARED_AND_DEDICATED,43,-,0,3,265,0
TWO_SHARED_AND_DEDICATED,41,-,0,4,257,40
TWO_SHARED_AND_DEDICATED,45,-,0,0,17,0
DEDICATED_CPU_CORES,4,-,0,0,207,0
TWO_SET_OF_SHARED_CPU_CORES,50,-,0,3,79,-
TWO_SET_OF_SHARED_CPU_CORES,51,-,0,0,335,-
TWO_SHARED_AND_DEDICATED,44,-,0,2,97,0
TWO_SHARED_AND_DEDICATED,44,-,0,1,17,16
TWO_SHARED_AND_DEDICATED,45,-,0,0,49,8
TWO_SHARED_AND_DEDICATED,39,-,0,6,253,16
TWO_SHARED_AND_DEDICATED,43,-,0,2,65,32
-,-,-,0,4,479,-
TWO_SHARED_AND_DEDICATED,35,-,0,7,329,0
TWO_SHARED_AND_DEDICATED,43,-,0,1,329,8
TWO_SHARED_AND_DEDICATED,42,-,0,3,113,8
TWO_SHARED_AND_DEDICATED,44,-,0,0,269,0
TWO_SHARED_AND_DEDICATED,44,-,0,0,49,0
TWO_SHARED_AND_DEDICATED,40,-,0,5,24,64
-,-,-,0,4,479,-
TWO_SHARED_AND_DEDICATED,43,-,0,4,89,32
TWO_SHARED_AND_DEDICATED,45,-,0,1,83,16
TWO_SHARED_AND_DEDICATED,48,-,0,0,9,0
TWO_SHARED_AND_DEDICATED,42,-,0,4,67,0
TWO_SHARED_AND_DEDICATED,44,-,0,0,41,0
-,-,-,0,4,479,-
-,-,-,0,4,479,-
TWO_SHARED_AND_DEDICATED,39,-,0,6,169,0
TWO_SHARED_AND_DEDICATED,43,-,0,3,89,0
TWO_SHARED_AND_DEDICATED,44,-,0,1,69,0
TWO_SHARED_AND_DEDICATED,18,-,0,9,429,64
TWO_SHARED_AND_DEDICATED,44,-,0,4,81,0
-,-,-,0,4,239,-
TWO_SHARED_AND_DEDICATED,45,-,0,0,41,0
TWO_SHARED_AND_DEDICATED,22,-,0,1,15,64
TWO_SHARED_AND_DEDICATED,44,-,0,0,57,0
TWO_SHARED_AND_DEDICATED,45,-,0,0,65,0
TWO_SHARED_AND_DEDICATED,45,-,0,0,105,0
TWO_SHARED_AND_DEDICATED,38,-,0,6,200,32
TWO_SHARED_AND_DEDICATED,39,-,0,6,76,64
TWO_SHARED_AND_DEDICATED,38,-,0,6,231,64
TWO_SET_OF_SHARED_CPU_CORES,38,-,0,7,104,-
TWO_SHARED_AND_DEDICATED,38,-,0,6,191,64
-,-,-,0,-,719,-
-,4,-,0,0,411,-
-,-,-,0,4,479,-
-,-,-,0,4,479,-
TWO_SHARED_AND_DEDICATED,44,-,0,1,9,0
TWO_SHARED_AND_DEDICATED,46,-,0,1,1,0
TWO_SHARED_AND_DEDICATED,47,-,0,0,33,0
TWO_SHARED_AND_DEDICATED,43,-,0,2,113,0
TWO_SHARED_AND_DEDICATED,44,-,0,1,5,0
TWO_SHARED_AND_DEDICATED,38,-,0,6,215,64
TWO_SHARED_AND_DEDICATED,36,-,0,9,259,64
TWO_SHARED_AND_DEDICATED,38,-,0,7,235,64
TWO_SHARED_AND_DEDICATED,41,-,0,5,163,64
TWO_SHARED_AND_DEDICATED,40,-,0,5,31,64
-,-,-,0,4,479,-
-,-,-,0,4,479,-
TWO_SHARED_AND_DEDICATED,46,-,0,0,9,0
TWO_SHARED_AND_DEDICATED,42,-,0,0,37,16
TWO_SHARED_AND_DEDICATED,43,-,0,0,69,24
TWO_SHARED_AND_DEDICATED,41,-,0,1,37,0
TWO_SHARED_AND_DEDICATED,43,-,0,0,41,8
TWO_SHARED_AND_DEDICATED,44,-,0,5,185,64
TWO_SHARED_AND_DEDICATED,39,-,0,5,114,56
TWO_SHARED_AND_DEDICATED,39,-,0,4,263,64
TWO_SHARED_AND_DEDICATED,40,-,0,3,219,64
TWO_SHARED_AND_DEDICATED,38,-,0,6,120,64
TWO_SHARED_AND_DEDICATED,44,-,0,0,17,16
TWO_SHARED_AND_DEDICATED,43,-,0,0,49,8
TWO_SHARED_AND_DEDICATED,43,-,0,1,41,8
TWO_SHARED_AND_DEDICATED,45,-,0,0,9,0
TWO_SHARED_AND_DEDICATED,44,-,0,1,33,16
TWO_SET_OF_SHARED_CPU_CORES,50,-,0,1,24,-
TWO_SET_OF_SHARED_CPU_CORES,50,-,0,0,24,-
TWO_SET_OF_SHARED_CPU_CORES,50,-,0,1,24,-
SHARED_CPU_CORES,2,-,0,2,107,-
-,-,-,0,-,119,-
SHARED_CPU_CORES,1,-,0,4,120,-
SHARED_CPU_CORES,4,-,0,1,24,-
TWO_SET_OF_SHARED_CPU_CORES,35,-,0,-,247,-
TWO_SET_OF_SHARED_CPU_CORES,51,-,0,0,131,-
SHARED_CPU_CORES,-,-,0,3,103,-
-,-,-,0,-,119,-
TWO_SET_OF_SHARED_CPU_CORES,16,-,0,4,51,-
TWO_SET_OF_SHARED_CPU_CORES,35,-,0,-,251,-
TWO_SET_OF_SHARED_CPU_CORES,5,-,0,1,459,-
TWO_SET_OF_SHARED_CPU_CORES,41,-,0,-,207,-
TWO_SET_OF_SHARED_CPU_CORES,5,-,0,5,459,-
TWO_SET_OF_SHARED_CPU_CORES,28,-,0,2,3,-
TWO_SET_OF_SHARED_CPU_CORES,46,-,0,0,163,-
TWO_SET_OF_SHARED_CPU_CORES,30,-,0,1,11,-
TWO_SET_OF_SHARED_CPU_CORES,29,-,0,1,1,-
SHARED_CPU_CORES,-,-,0,2,463,-
TWO_SET_OF_SHARED_CPU_CORES,47,-,0,1,167,-
TWO_SET_OF_SHARED_CPU_CORES,30,-,0,1,1,-
TWO_SET_OF_SHARED_CPU_CORES,29,-,0,1,1,-
DEDICATED_CPU_CORES,4,-,0,0,209,0
TWO_SET_OF_SHARED_CPU_CORES,51,-,0,0,127,-
TWO_SET_OF_SHARED_CPU_CORES,28,-,0,2,9,-
-,-,-,0,4,479,-
TWO_SET_OF_SHARED_CPU_CORES,29,-,0,1,5,-
TWO_SET_OF_SHARED_CPU_CORES,27,-,0,3,125,-
TWO_SET_OF_SHARED_CPU_CORES,29,-,0,1,1,-
TWO_SET_OF_SHARED_CPU_CORES,29,-,0,1,5,-
-,-,-,0,4,119,-
TWO_SET_OF_SHARED_CPU_CORES,50,-,0,0,147,-
-,-,-,0,-,479,-
SHARED_CPU_CORES,1,-,0,3,471,-
-,-,-,0,4,479,-
TWO_SET_OF_SHARED_CPU_CORES,29,-,0,1,5,-
TWO_SET_OF_SHARED_CPU_CORES,30,-,0,0,5,-
TWO_SET_OF_SHARED_CPU_CORES,28,-,0,3,9,-
SHARED_CPU_CORES,-,-,0,0,119,-
TWO_SET_OF_SHARED_CPU_CORES,-,-,0,4,119,-
TWO_SET_OF_SHARED_CPU_CORES,50,-,0,0,175,-
-,-,-,0,4,479,-
-,-,-,0,-,479,-
-,-,-,0,4,479,-
TWO_SET_OF_SHARED_CPU_CORES,27,-,0,3,35,-
TWO_SET_OF_SHARED_CPU_CORES,-,-,0,30,479,-
TWO_SET_OF_SHARED_CPU_CORES,50,-,0,0,151,-
-,-,-,0,4,479,-
-,-,-,0,4,479,-
TWO_SET_OF_SHARED_CPU_CORES,27,-,0,3,5,-
TWO_SET_OF_SHARED_CPU_CORES,29,-,0,1,5,-
TWO_SET_OF_SHARED_CPU_CORES,29,-,0,1,5,-
TWO_SET_OF_SHARED_CPU_CORES,51,-,0,0,143,-
-,-,-,0,4,479,-
-,-,-,0,0,240,-
-,-,-,0,0,240,-
TWO_SET_OF_SHARED_CPU_CORES,29,-,0,1,5,-
TWO_SET_OF_SHARED_CPU_CORES,29,-,0,1,5,-
TWO_SET_OF_SHARED_CPU_CORES,29,-,0,1,5,-
TWO_SET_OF_SHARED_CPU_CORES,29,-,0,1,1,-
SHARED_CPU_CORES,2,-,0,-,-,-
SHARED_CPU_CORES,4,-,0,-,-,-
SHARED_CPU_CORES,-,-,0,7,120,-
SHARED_CPU_CORES,27,-,0,-,12,-
SHARED_CPU_CORES,26,-,0,-,16,-
SHARED_CPU_CORES,-,-,0,-,-,-
DEDICATED_CPU_CORES,1,-,0,2,90,24
SHARED_CPU_CORES,1,-,0,15,106,-
SHARED_CPU_CORES,-,-,0,13,93,-
SHARED_CPU_CORES,2,-,0,12,85,-
SHARED_CPU_CORES,3,-,0,12,89,-
REDIS_HOST,3,-,0,11,73,36
SHARED_CPU_CORES,2,-,0,13,85,-
SHARED_CPU_CORES,-,-,0,15,105,-
SHARED_CPU_CORES,48,-,0,5,48,-
SHARED_CPU_CORES,13,-,0,1,20,-
SHARED_CPU_CORES,-,-,0,3,30,-
SHARED_CPU_CORES,-,-,0,12,30,-
SHARED_CPU_CORES,-,-,0,6,30,-
SHARED_CPU_CORES,2,-,0,11,90,-
SHARED_PLUS_DEDICATED_CPU_CORES,2,-,0,2,88,0
SHARED_CPU_CORES,27,-,0,-,12,-
SHARED_CPU_CORES,3,-,0,12,92,-
SHARED_CPU_CORES,2,-,0,14,104,-
SHARED_CPU_CORES,2,-,0,13,100,-
SHARED_CPU_CORES,2,-,0,13,96,-
SHARED_CPU_CORES,2,-,0,11,88,-
SHARED_CPU_CORES,13,-,0,6,45,-
SHARED_CPU_CORES,2,-,0,15,106,-
SHARED_CPU_CORES,2,-,0,12,89,-
SHARED_CPU_CORES,-,-,0,-,85,-
SHARED_CPU_CORES,-,-,0,16,89,-
SHARED_CPU_CORES,1,-,0,13,85,-
SHARED_CPU_CORES,6,-,0,8,65,-
SHARED_CPU_CORES,3,-,0,11,69,-
SHARED_CPU_CORES,5,-,0,6,50,-
SHARED_CPU_CORES,2,-,0,9,86,-
SHARED_CPU_CORES,1,-,0,10,106,-
SHARED_CPU_CORES,4,-,0,8,54,-
SHARED_CPU_CORES,3,-,0,3,65,-
SHARED_CPU_CORES,2,-,0,4,89,-
SHARED_CPU_CORES,3,-,0,3,81,-
SHARED_CPU_CORES,3,-,0,3,81,-
SHARED_CPU_CORES,-,-,0,6,113,-
SHARED_CPU_CORES,2,-,0,4,97,-
SHARED_CPU_CORES,3,-,0,-,-,-
SHARED_CPU_CORES,-,-,0,4,28,-
SHARED_CPU_CORES,4,-,0,9,68,-
SHARED_CPU_CORES,-,-,0,16,120,-
SHARED_CPU_CORES,2,-,0,-,6,-
SHARED_CPU_CORES,8,-,0,6,45,-
SHARED_CPU_CORES,1,-,0,14,112,-
SHARED_CPU_CORES,-,-,0,12,89,-
SHARED_CPU_CORES,-,-,0,-,-,-
SHARED_CPU_CORES,-,-,0,-,-,-
SHARED_CPU_CORES,1,-,0,20,116,-
SHARED_CPU_CORES,-,-,0,21,120,-
REDIS_HOST,2,-,0,11,84,32
SHARED_CPU_CORES,5,-,0,11,70,-
SHARED_CPU_CORES,3,-,0,13,90,-
SHARED_CPU_CORES,5,-,0,8,50,-
SHARED_CPU_CORES,4,-,0,11,70,-
SHARED_CPU_CORES,1,-,0,14,98,-
SHARED_CPU_CORES,3,-,0,12,90,-
SHARED_CPU_CORES,1,-,0,14,96,-
SHARED_CPU_CORES,2,-,0,13,82,-
SHARED_CPU_CORES,4,-,0,10,82,-
SHARED_CPU_CORES,6,-,0,10,66,-
SHARED_CPU_CORES,4,-,0,11,86,-
SHARED_CPU_CORES,2,-,0,12,98,-
REDIS_HOST,5,-,0,11,70,32
SHARED_CPU_CORES,1,-,0,12,96,-
SHARED_CPU_CORES,1,-,0,15,106,-
SHARED_CPU_CORES,9,-,0,7,38,-
SHARED_CPU_CORES,2,-,0,11,94,-
SHARED_CPU_CORES,6,-,0,7,46,-
SHARED_CPU_CORES,8,-,0,13,122,-
SHARED_CPU_CORES,-,-,0,11,114,-
SHARED_CPU_CORES,-,-,0,8,30,-
SHARED_CPU_CORES,8,-,0,22,88,-
SHARED_CPU_CORES,2,-,0,13,12,-
SHARED_CPU_CORES,-,-,0,14,102,-
SHARED_CPU_CORES,4,-,0,11,84,-
SHARED_CPU_CORES,1,-,0,11,112,-
SHARED_CPU_CORES,2,-,0,12,100,-
SHARED_CPU_CORES,18,-,0,-,2,-
SHARED_CPU_CORES,2,-,0,17,105,-
REDIS_HOST,1,-,0,10,102,32
SHARED_CPU_CORES,2,-,0,3,65,-
SHARED_CPU_CORES,7,-,0,-,-,-
SHARED_CPU_CORES,3,-,0,-,48,-
SHARED_CPU_CORES,3,-,0,11,92,-
REDIS_HOST,1,-,0,9,65,36
SHARED_CPU_CORES,65,-,0,5,30,-
SHARED_CPU_CORES,1,-,0,10,94,-
SHARED_CPU_CORES,-,-,0,15,101,-
SHARED_CPU_CORES,3,-,0,-,-,-
SHARED_CPU_CORES,21,-,0,3,24,-
SHARED_CPU_CORES,-,-,0,-,16,-
SHARED_CPU_CORES,3,-,0,14,78,-
SHARED_CPU_CORES,1,-,0,16,90,-
REDIS_HOST,2,-,0,13,94,40
-,-,SHARED_CPU_CORES,0,4,120,-
SHARED_CPU_CORES,2,-,0,14,106,-
SHARED_CPU_CORES,2,-,0,-,14,-
SHARED_CPU_CORES,1,-,0,14,98,-
REDIS_HOST,3,-,0,14,68,40
SHARED_CPU_CORES,7,-,0,-,-,-
SHARED_CPU_CORES,-,-,0,9,56,-
SHARED_CPU_CORES,4,-,0,13,78,-
SHARED_CPU_CORES,3,-,0,13,102,-
TWO_SET_OF_SHARED_CPU_CORES,1,-,0,3,56,-
SHARED_CPU_CORES,12,-,0,8,40,-
SHARED_CPU_CORES,1,-,0,13,78,-
SHARED_CPU_CORES,5,-,0,-,122,-
SHARED_CPU_CORES,2,-,0,-,61,-
SHARED_CPU_CORES,6,-,0,17,77,-
SHARED_CPU_CORES,1,-,0,23,116,-
SHARED_CPU_CORES,36,-,0,0,16,32
SHARED_CPU_CORES,1,-,0,28,109,-
SHARED_CPU_CORES,1,-,0,10,92,-
SHARED_CPU_CORES,3,-,0,0,71,-
SHARED_CPU_CORES,4,-,0,10,69,-
SHARED_CPU_CORES,6,-,0,14,80,-
SHARED_CPU_CORES,3,-,0,11,100,-
SHARED_CPU_CORES,2,-,0,9,93,-
SHARED_CPU_CORES,5,-,0,11,78,-
SHARED_CPU_CORES,3,-,0,12,85,-
SHARED_CPU_CORES,3,-,0,13,90,-
SHARED_CPU_CORES,3,-,0,11,78,-
SHARED_CPU_CORES,3,-,0,13,102,-
SHARED_CPU_CORES,7,-,0,8,54,-
SHARED_CPU_CORES,1,-,0,15,114,-
SHARED_CPU_CORES,2,-,0,10,82,-
SHARED_CPU_CORES,1,-,0,15,106,-
SHARED_CPU_CORES,2,-,0,14,110,-
SHARED_CPU_CORES,1,-,0,14,102,-
SHARED_CPU_CORES,3,-,0,12,90,-
SHARED_CPU_CORES,5,-,0,9,66,-
SHARED_CPU_CORES,3,-,0,14,66,-
SHARED_CPU_CORES,2,-,0,9,66,-
SHARED_CPU_CORES,4,-,0,11,68,-
REDIS_HOST,3,-,0,-,-,-
SHARED_CPU_CORES,2,-,0,-,-,-
SHARED_CPU_CORES,6,-,0,12,81,-
DEDICATED_CPU_CORES,2,-,0,-,58,16
SHARED_CPU_CORES,5,-,0,-,-,-
SHARED_CPU_CORES,3,-,0,-,-,-
SHARED_CPU_CORES,3,-,0,15,93,-
SHARED_CPU_CORES,4,-,0,10,81,-
SHARED_CPU_CORES,2,-,0,15,97,-
SHARED_CPU_CORES,4,-,0,13,77,-
SHARED_CPU_CORES,2,-,0,12,93,-
DEDICATED_CPU_CORES,2,-,0,2,84,24
SHARED_CPU_CORES,-,-,0,8,113,-
SHARED_CPU_CORES,4,-,0,10,50,-
SHARED_CPU_CORES,3,-,0,11,86,-
SHARED_CPU_CORES,6,-,0,10,46,-
SHARED_CPU_CORES,16,-,0,-,0,-
REDIS_HOST,-,-,0,-,-,-
SHARED_CPU_CORES,4,-,0,13,62,-
SHARED_CPU_CORES,2,-,0,-,70,-
SHARED_CPU_CORES,2,-,0,18,108,-
SHARED_CPU_CORES,2,-,0,13,78,-
SHARED_CPU_CORES,3,-,0,-,-,-
SHARED_CPU_CORES,4,-,0,16,72,-
SHARED_CPU_CORES,4,-,0,13,86,-
SHARED_CPU_CORES,2,-,0,13,102,-
SHARED_CPU_CORES,12,-,0,-,22,-
SHARED_PLUS_DEDICATED_CPU_CORES,2,-,0,2,88,4
SHARED_CPU_CORES,1,-,0,16,114,-
SHARED_CPU_CORES,36,SHARED_CPU_CORES,0,24,223,-
SHARED_CPU_CORES,60,-,0,1,163,-
SHARED_CPU_CORES,3,-,0,16,92,-
SHARED_CPU_CORES,1,-,0,-,106,-
DEDICATED_CPU_CORES,3,-,0,-,72,16
SHARED_CPU_CORES,5,-,0,13,73,-
SHARED_CPU_CORES,1,-,0,11,97,-
SHARED_CPU_CORES,4,-,0,18,73,-
SHARED_CPU_CORES,1,REDIS_HOST,0,6,116,36
SHARED_CPU_CORES,30,-,0,-,0,-
SHARED_CPU_CORES,1,-,0,14,104,-
SHARED_CPU_CORES,-,-,0,15,114,-
SHARED_CPU_CORES,1,-,0,12,81,-
SHARED_CPU_CORES,3,-,0,10,49,-
SHARED_CPU_CORES,3,-,0,12,89,-
SHARED_CPU_CORES,19,-,0,1,44,-
SHARED_CPU_CORES,3,-,0,12,92,-
-,-,-,0,-,-,-
-,-,-,0,0,121,-
SHARED_CPU_CORES,-,-,0,1,66,-
TWO_SHARED_AND_DEDICATED,40,-,0,4,82,64
TWO_SHARED_AND_DEDICATED,41,-,0,1,121,32
TWO_SHARED_AND_DEDICATED,44,-,0,1,57,16
TWO_SHARED_AND_DEDICATED,10,-,0,35,545,64
TWO_SHARED_AND_DEDICATED,41,-,0,3,121,16
TWO_SET_OF_SHARED_CPU_CORES,45,-,0,1,40,-
TWO_SET_OF_SHARED_CPU_CORES,46,-,0,5,32,-
TWO_SET_OF_SHARED_CPU_CORES,45,-,0,6,40,-
TWO_SET_OF_SHARED_CPU_CORES,40,-,0,2,40,-
-,-,-,0,37,480,-
TWO_SET_OF_SHARED_CPU_CORES,24,-,0,4,288,-
-,-,-,0,37,480,-
SHARED_PLUS_DEDICATED_CPU_CORES,9,-,0,6,408,64
TWO_SHARED_AND_DEDICATED,43,-,0,1,153,0
TWO_SHARED_AND_DEDICATED,45,-,0,-,17,0
DEDICATED_CPU_CORES,2,-,0,2,464,112
TWO_SHARED_AND_DEDICATED,45,-,0,-,33,16
TWO_SHARED_AND_DEDICATED,49,-,0,2,75,24
TWO_SHARED_AND_DEDICATED,40,-,0,4,65,16
TWO_SHARED_AND_DEDICATED,44,-,0,1,45,16
TWO_SET_OF_SHARED_CPU_CORES,53,-,0,1,4,-
TWO_SET_OF_SHARED_CPU_CORES,50,-,0,-,20,-
TWO_SET_OF_SHARED_CPU_CORES,53,-,0,-,8,-
TWO_SET_OF_SHARED_CPU_CORES,54,-,0,-,4,-
TWO_SET_OF_SHARED_CPU_CORES,53,-,0,0,4,-
TWO_SET_OF_SHARED_CPU_CORES,50,-,0,-,2,-
TWO_SET_OF_SHARED_CPU_CORES,37,-,0,6,136,-
TWO_SET_OF_SHARED_CPU_CORES,38,-,0,7,56,-
TWO_SET_OF_SHARED_CPU_CORES,50,-,0,1,0,-
TWO_SET_OF_SHARED_CPU_CORES,50,-,0,0,212,-
TWO_SET_OF_SHARED_CPU_CORES,50,-,0,0,0,-
TWO_SHARED_AND_DEDICATED,46,-,0,3,135,0
TWO_SHARED_AND_DEDICATED,42,-,0,-,113,0
TWO_SHARED_AND_DEDICATED,43,-,0,1,81,0
TWO_SHARED_AND_DEDICATED,45,-,0,4,17,0
TWO_SHARED_AND_DEDICATED,44,-,0,2,33,0
TWO_SHARED_AND_DEDICATED,46,-,0,4,53,0
TWO_SHARED_AND_DEDICATED,45,-,0,-,17,16
TWO_SHARED_AND_DEDICATED,44,-,0,1,169,0
SHARED_CPU_CORES,-,-,0,0,39,64
SHARED_CPU_CORES,2,SHARED_CPU_CORES,0,2,41,-
TWO_SET_OF_SHARED_CPU_CORES,45,-,0,1,0,-
TWO_SET_OF_SHARED_CPU_CORES,44,-,0,3,16,-
TWO_SET_OF_SHARED_CPU_CORES,41,-,0,5,8,-
TWO_SET_OF_SHARED_CPU_CORES,38,-,0,6,26,-
TWO_SHARED_AND_DEDICATED,43,-,0,2,21,32
TWO_SHARED_AND_DEDICATED,44,-,0,2,33,8
-,-,-,0,4,661,-
TWO_SHARED_AND_DEDICATED,42,-,0,3,11,0
TWO_SHARED_AND_DEDICATED,42,-,0,6,81,16
TWO_SHARED_AND_DEDICATED,42,-,0,5,89,0
TWO_SHARED_AND_DEDICATED,42,-,0,5,49,32
TWO_SHARED_AND_DEDICATED,42,-,0,3,73,32
FOUR_SET_OF_SHARED_CPU_CORES,1,-,0,3,24,-
TWO_SET_OF_SHARED_CPU_CORES,33,-,0,-,204,-
TWO_SET_OF_SHARED_CPU_CORES,29,-,0,5,240,-
TWO_SET_OF_SHARED_CPU_CORES,31,-,0,2,192,-
TWO_SET_OF_SHARED_CPU_CORES,33,-,0,-,144,-
TWO_SET_OF_SHARED_CPU_CORES,22,-,0,11,248,-
-,-,-,0,-,120,-
TWO_SET_OF_SHARED_CPU_CORES,27,-,0,6,264,-
TWO_SET_OF_SHARED_CPU_CORES,30,-,0,0,240,-
TWO_SET_OF_SHARED_CPU_CORES,22,-,0,16,304,-
TWO_SET_OF_SHARED_CPU_CORES,32,-,0,1,192,-
TWO_SET_OF_SHARED_CPU_CORES,33,-,0,-,216,-
TWO_SET_OF_SHARED_CPU_CORES,33,-,0,-,188,-
TWO_SET_OF_SHARED_CPU_CORES,31,-,0,2,244,-
TWO_SET_OF_SHARED_CPU_CORES,32,-,0,1,196,-
TWO_SET_OF_SHARED_CPU_CORES,31,-,0,2,196,-
TWO_SET_OF_SHARED_CPU_CORES,33,-,0,-,144,-
SHARED_CPU_CORES,24,-,0,6,24,-
